{"type":"Scene","props":{"width":960,"height":640},"compId":2,"child":[{"type":"Sprite","props":{"y":80,"x":0,"texture":"Battle/GrassLand.png"},"compId":3,"child":[{"type":"FontClip","props":{"y":0,"x":0,"value":"匕","skin":"Battle/map1.png","sheet":"一八匕厂刀儿二几力人 入十又川寸大飞干工弓 广己口马门女山尸士巳 土兀夕小子贝比长车歹 斗厄方风父戈户火见斤"},"compId":4,"child":[{"type":"Script","props":{"y":0,"x":0,"width":96,"height":96,"runtime":"laya.physics.BoxCollider"},"compId":5},{"type":"Script","props":{"type":"kinematic","gravityScale":0,"runtime":"laya.physics.RigidBody"},"compId":6}]}]}],"loadList":["Battle/GrassLand.png","Battle/map1.png"],"loadList3D":[]}