{"type":"Scene","props":{"width":960,"height":640},"compId":2,"child":[{"type":"Sprite","props":{"y":80,"x":0,"var":"battlesprite1","texture":"Battle/GrassLand.png"},"compId":42,"child":[{"type":"FontClip","props":{"zOrder":2,"y":224,"x":464,"var":"player","value":"匕","skin":"Player/15.png","sheet":"一八匕厂 刀儿二几 力人入十 又川寸大 飞干工弓 广己口马 门女山尸","scaleY":3,"scaleX":3},"compId":43,"child":[{"type":"Script","props":{"y":2,"x":1,"width":14,"height":14,"runtime":"laya.physics.BoxCollider"},"compId":44},{"type":"Script","props":{"type":"dynamic","gravityScale":0,"allowRotation":false,"runtime":"laya.physics.RigidBody"},"compId":45},{"type":"Script","props":{"runtime":"character/Player.ts"},"compId":46}]},{"type":"Sprite","props":{"y":480,"x":0,"width":960,"var":"downCollider","height":96},"compId":47,"child":[{"type":"Script","props":{"y":0,"x":0,"width":960,"height":96,"runtime":"laya.physics.BoxCollider"},"compId":48},{"type":"Script","props":{"y":-560,"x":0,"type":"static","gravityScale":0,"runtime":"laya.physics.RigidBody"},"compId":49},{"type":"Script","props":{"runtime":"events/toDown.ts"},"compId":76},{"type":"Sprite","props":{"zOrder":3,"y":-48,"x":404,"texture":"Player/18-d.png","scaleY":3,"scaleX":3},"compId":105}]},{"type":"Sprite","props":{"y":-96,"x":0,"width":960,"var":"upCollider","height":96},"compId":50,"child":[{"type":"Script","props":{"y":0,"x":0,"width":960,"height":96,"runtime":"laya.physics.BoxCollider"},"compId":51},{"type":"Script","props":{"y":-560,"x":0,"type":"static","gravityScale":0,"runtime":"laya.physics.RigidBody"},"compId":52},{"type":"Script","props":{"runtime":"events/toUp.ts"},"compId":79},{"type":"Sprite","props":{"y":96,"x":405,"texture":"Player/18-u.png","scaleY":3,"scaleX":3},"compId":103}]},{"type":"Sprite","props":{"y":0,"x":-96,"width":96,"var":"leftCollider","height":480},"compId":53,"child":[{"type":"Script","props":{"y":0,"x":0,"width":96,"height":480,"runtime":"laya.physics.BoxCollider"},"compId":54},{"type":"Script","props":{"y":-560,"x":0,"type":"static","gravityScale":0,"runtime":"laya.physics.RigidBody"},"compId":55},{"type":"Script","props":{"runtime":"events/toLeft.ts"},"compId":77},{"type":"Sprite","props":{"zOrder":3,"y":190,"x":96,"texture":"Player/18-l.png","scaleY":3,"scaleX":3},"compId":107}]},{"type":"Sprite","props":{"y":0,"x":960,"width":96,"var":"rightCollider","height":480},"compId":56,"child":[{"type":"Script","props":{"y":0,"x":0,"width":96,"height":480,"runtime":"laya.physics.BoxCollider"},"compId":57},{"type":"Script","props":{"y":-560,"x":0,"type":"static","gravityScale":0,"runtime":"laya.physics.RigidBody"},"compId":58},{"type":"Script","props":{"runtime":"events/toRight.ts"},"compId":78},{"type":"Sprite","props":{"zOrder":3,"y":190,"x":-48,"texture":"Player/18-r.png","scaleY":3,"scaleX":3},"compId":110}]}]},{"type":"Sprite","props":{"y":80,"x":-2000,"var":"battlesprite2","texture":"Battle/GrassLand.png"},"compId":59,"child":[{"type":"Sprite","props":{"y":480,"x":0,"width":960,"var":"toDown","height":96},"compId":64,"child":[{"type":"Script","props":{"y":0,"x":0,"width":960,"height":96,"runtime":"laya.physics.BoxCollider"},"compId":65},{"type":"Script","props":{"y":-560,"x":0,"type":"static","gravityScale":0,"runtime":"laya.physics.RigidBody"},"compId":66},{"type":"Script","props":{"runtime":"events/toDown.ts"},"compId":81},{"type":"Sprite","props":{"zOrder":3,"y":-48,"x":404,"texture":"Player/18-d.png","scaleY":3,"scaleX":3},"compId":106}]},{"type":"Sprite","props":{"y":-96,"x":0,"width":960,"var":"toUp","height":96},"compId":67,"child":[{"type":"Script","props":{"y":0,"x":0,"width":960,"height":96,"runtime":"laya.physics.BoxCollider"},"compId":68},{"type":"Script","props":{"y":-560,"x":0,"type":"static","gravityScale":0,"runtime":"laya.physics.RigidBody"},"compId":69},{"type":"Script","props":{"runtime":"events/toUp.ts"},"compId":80},{"type":"Sprite","props":{"y":96,"x":405,"texture":"Player/18-u.png","scaleY":3,"scaleX":3},"compId":104}]},{"type":"Sprite","props":{"y":0,"x":-96,"width":96,"var":"toLeft","height":480},"compId":70,"child":[{"type":"Script","props":{"y":0,"x":0,"width":96,"height":480,"runtime":"laya.physics.BoxCollider"},"compId":71},{"type":"Script","props":{"y":-560,"x":0,"type":"static","gravityScale":0,"runtime":"laya.physics.RigidBody"},"compId":72},{"type":"Script","props":{"runtime":"events/toLeft.ts"},"compId":82},{"type":"Sprite","props":{"zOrder":3,"y":190,"x":96,"texture":"Player/18-l.png","scaleY":3,"scaleX":3},"compId":108}]},{"type":"Sprite","props":{"y":0,"x":960,"width":96,"var":"toRight","height":480},"compId":73,"child":[{"type":"Script","props":{"y":0,"x":0,"width":96,"height":480,"runtime":"laya.physics.BoxCollider"},"compId":74},{"type":"Script","props":{"y":-560,"x":0,"type":"static","gravityScale":0,"runtime":"laya.physics.RigidBody"},"compId":75},{"type":"Script","props":{"runtime":"events/toRight.ts"},"compId":83},{"type":"Sprite","props":{"zOrder":3,"y":190,"x":-48,"texture":"Player/18-r.png","scaleY":3,"scaleX":3},"compId":109}]}]},{"type":"Button","props":{"y":568,"x":454,"var":"map_button","stateNum":1,"skin":"comp/map-button.png","scaleY":3,"scaleX":3},"compId":84},{"type":"Clip","props":{"y":9,"x":12,"var":"heart1","skin":"comp/heart.png","scaleY":4,"scaleX":4,"index":0,"clipY":1,"clipX":5},"compId":87},{"type":"Clip","props":{"y":9,"x":82,"var":"heart2","skin":"comp/heart.png","scaleY":4,"scaleX":4,"clipY":1,"clipX":5},"compId":89},{"type":"Clip","props":{"y":9,"x":152,"var":"heart3","skin":"comp/heart.png","scaleY":4,"scaleX":4,"clipY":1,"clipX":5},"compId":91},{"type":"Clip","props":{"y":9,"x":222,"var":"heart4","skin":"comp/heart.png","scaleY":4,"scaleX":4,"clipY":1,"clipX":5},"compId":92},{"type":"Clip","props":{"y":9,"x":292,"var":"heart5","skin":"comp/heart.png","scaleY":4,"scaleX":4,"clipY":1,"clipX":5},"compId":93},{"type":"Clip","props":{"y":9,"x":362,"var":"heart6","skin":"comp/heart.png","scaleY":4,"scaleX":4,"clipY":1,"clipX":5},"compId":94},{"type":"Label","props":{"y":37,"x":514,"width":311,"var":"lv","text":"lv. 1  exp/next:0/10","height":35,"fontSize":30,"color":"#ffffff"},"compId":98},{"type":"FontClip","props":{"zOrder":2,"y":304,"x":464,"visible":false,"var":"princess","value":"一","skin":"Player/17.png","sheet":"一八匕厂 刀儿二几 力人入十 又川寸大 飞干工弓 广己口马 门女山尸","scaleY":3,"scaleX":3},"compId":111},{"type":"Button","props":{"y":25,"x":785,"visible":false,"var":"lvup","stateNum":1,"skin":"comp/LvUp.png","scaleY":3,"scaleX":3},"compId":115}],"loadList":["Battle/GrassLand.png","Player/15.png","Player/18-d.png","Player/18-u.png","Player/18-l.png","Player/18-r.png","comp/map-button.png","comp/heart.png","Player/17.png","comp/LvUp.png"],"loadList3D":[]}