{"res/atlas/Bullet.atlas":["Bullet/",["Bean.png","Fire.png","Ice.png","arrow.png","arrow2.png","arrow3.png"]],"res/atlas/Enemy.atlas":["Enemy/",["1.png","10.png","11.png","12.png","13.png","14.png","15.png","16.png","17.png","18.png","19.png","2.png","20.png","21.png","22.png","3.png","4.png","5.png","6.png","7.png","8.png","9.png"]],"res/atlas/Player.atlas":["Player/",["15.png","17.png","18-d.png","18-l.png","18-r.png","18-u.png"]],"res/atlas/comp.atlas":["comp/",["LvUp.png","blank.png","btn_close.png","button.png","check_circle.png","checkbox.png","clip_num.png","clip_selectBox.png","clip_tree_arrow.png","clip_tree_folder.png","combobox.png","cure.png","dialogue-bubble.png","fontClip.png","fontClip_num.png","heart.png","hscroll$bar.png","hscroll$down.png","hscroll$up.png","hscroll.png","hslider$bar.png","hslider.png","html.png","image.png","img_bg.png","img_bg2.png","img_bg3.png","img_bg4.png","img_bg5.png","img_blank.png","label.png","linkbutton.png","map-button.png","number.png","progress$bar.png","progress.png","radio.png","radiogroup.png","tab.png","textarea.png","textinput.png","vscroll$bar.png","vscroll$down.png","vscroll$up.png","vscroll.png","vslider$bar.png","vslider.png","yes-button.png"]],"res/atlas/test.atlas":["test/",["b1.png","b2.png","block.png","c1.png","c2.png","p1.png","t1.png","tra.png"]]}